{
  "_format": "hh-sol-cache-2",
  "files": {
    "C:\\Users\\melio\\OneDrive\\Desktop\\labs and lectures\\abc\\get started\\src\\hackofiesta\\contracts\\Report.sol": {
      "lastModificationDate": 1725140232456,
      "contentHash": "767a50b7db9b2ea52ffeb9bc49d4eef8",
      "sourceName": "contracts/Report.sol",
      "solcConfig": {
        "version": "0.8.17",
        "settings": {
          "optimizer": {
            "enabled": false,
            "runs": 200
          },
          "outputSelection": {
            "*": {
              "*": [
                "abi",
                "evm.bytecode",
                "evm.deployedBytecode",
                "evm.methodIdentifiers",
                "metadata"
              ],
              "": [
                "ast"
              ]
            }
          }
        }
      },
      "imports": [],
      "versionPragmas": [
        "^0.8.12"
      ],
      "artifacts": [
        "Report"
      ]
    }
  }
}
